{
    "umbral_compra": 0.4418490104448511,
    "umbral_venta": 0.5264213424699449,
    "limite_alcista_absoluto": 0.005209616828411678,
    "limite_bajista_absoluto": -0.005814296359411571,
    "q_high_original": 0.693799087600558,
    "q_low_original": 0.25020639959880264,
    "features_requeridas": [
        "vix_return",
        "natr_14",
        "ret_5d",
        "ret_3d",
        "sombra_inf",
        "rsi_9",
        "accel_1d",
        "div_vix",
        "macd_hist",
        "vol_20d_std",
        "sombra_sup",
        "fuerza_rel_14d",
        "cross_sma_50_200",
        "vol_shock_z",
        "cuerpo_vela"
    ],
    "dias_memoria_requeridos": 252
}